"factor","AME","SE","z","p","lower","upper"
"age",0.000493458164526936,9.07379133601787e-05,5.43827983533392,5.37974335272102e-08,0.00031561512230867,0.000671301206745202
"genderFemale",-0.00321996929332374,0.00339883820426745,-0.947373514067505,0.343448482518818,-0.00988156976296674,0.00344163117631925
"household_size",-0.00280576026340826,0.000940993427880862,-2.98170016949735,0.00286652585156798,-0.00465007349174363,-0.000961447035072881
"income_rank1",-0.00386823236988046,0.00643005765159256,-0.601585954508884,0.547449780546839,-0.0164709137855181,0.00873444904575714
"income_rank2",-0.00800271729086896,0.00665076305962723,-1.20327806285096,0.228868735247853,-0.0210379733574477,0.00503253877570983
"income_rank3",-0.0146814970950944,0.0065558010132421,-2.23946655266675,0.0251255752538629,-0.0275306309708601,-0.00183236321932874
"income_rank4",-0.0257617523141185,0.00620804366966678,-4.14973761218746,3.32856605348027e-05,-0.0379292943211173,-0.0135942103071198
"income_rank5",-0.0251453991143739,0.00625982343642345,-4.01695021748739,5.89561724049041e-05,-0.0374144275993436,-0.0128763706294041
"income_rank6",-0.0302791772236662,0.00615569537996383,-4.91888817666674,8.70371717771271e-07,-0.0423441184681949,-0.0182142359791375
"income_rank7",-0.0288729358419326,0.00625335384955708,-4.61719207589342,3.88967222076854e-06,-0.0411292841696493,-0.0166165875142158
"income_rank8",-0.0221993571597365,0.00652787075153336,-3.40070415066382,0.000672125271243701,-0.0349937487284743,-0.00940496559099865
"income_rank9",-0.0267611351623093,0.00638069106212929,-4.19408100184353,2.7398007201133e-05,-0.0392670598405593,-0.0142552104840593
"literacyIlliterate",0.000656351967477623,0.00334323706084635,0.19632229349344,0.844357913225275,-0.00589627226356077,0.00720897619851602
"residence_typeRural",0.0187971227519992,0.0024203198860009,7.76637950244573,8.07613371625829e-15,0.0140533829443713,0.023540862559627
